<?xml version="1.0" encoding="utf-8"?>
<odoo>
    <data noupdate="1">

        <record id="in_invoice_sequence" model="ir.sequence">
            <field name="name">In Invoice Sequence</field>
            <field name="code">in.invoice.cp</field>
            <field name="prefix">IN</field>
            <field name="padding">5</field>
        </record>

        <record id="out_invoice_sequence" model="ir.sequence">
            <field name="name">Out Invoice Sequence</field>
            <field name="code">out.invoice.cp</field>
            <field name="prefix">OUT</field>
            <field name="padding">5</field>
        </record>

    </data>
</odoo>